City_ID,City,Country,Date,Lat,Lng,Max Temp,Humidity,Cloudiness,Wind Speed
0,Jamestown,US,2021-10-09 18:35:01,42.097,-79.2353,69.39,90,90,8.01
1,Saint-Philippe,RE,2021-10-09 18:36:48,-21.3585,55.7679,71.19,85,43,13.65
2,Chuy,UY,2021-10-09 18:36:45,-33.6971,-53.4616,62.96,62,38,11.81
3,Uray,RU,2021-10-09 18:38:34,60.1247,64.7758,34.77,73,36,9.8
4,Kizema,RU,2021-10-09 18:38:35,61.113,44.8302,44.4,98,100,2.42
5,Port Elizabeth,ZA,2021-10-09 18:37:15,-33.918,25.5701,61.09,77,0,19.57
6,Busselton,AU,2021-10-09 18:38:36,-33.65,115.3333,43.09,80,80,8.16
7,Mbandaka,CD,2021-10-09 18:38:37,0.0487,18.2603,75.99,87,100,2.24
8,Dikson,RU,2021-10-09 18:38:37,73.5069,80.5464,30.07,63,100,23.82
9,Kuytun,RU,2021-10-09 18:38:38,54.3419,101.5036,35.87,67,93,6.04
10,Filadelfia,US,2021-10-09 18:36:09,39.9523,-75.1638,71.87,76,90,4.0
11,Cape Town,ZA,2021-10-09 18:36:34,-33.9258,18.4232,63.09,62,0,11.5
12,Saint George,US,2021-10-09 18:37:09,37.1041,-113.5841,70.27,61,75,1.99
13,Yanam,IN,2021-10-09 18:38:41,16.7333,82.2167,78.55,90,57,1.03
14,Lebu,CL,2021-10-09 18:37:05,-37.6167,-73.65,57.99,72,0,9.51
15,Namibe,AO,2021-10-09 18:38:41,-15.1961,12.1522,65.5,79,3,2.42
16,Tasiilaq,GL,2021-10-09 18:36:54,65.6145,-37.6368,33.96,83,6,5.64
17,Mar Del Plata,AR,2021-10-09 18:36:37,-38.0023,-57.5575,62.01,62,0,15.99
18,Bathsheba,BB,2021-10-09 18:38:42,13.2167,-59.5167,86.61,74,40,12.66
19,Cidreira,BR,2021-10-09 18:36:55,-30.1811,-50.2056,63.57,85,100,19.26
20,Port Blair,IN,2021-10-09 18:38:43,11.6667,92.75,78.91,86,100,16.75
21,Margate,GB,2021-10-09 18:38:43,51.3813,1.3862,56.3,86,6,6.22
22,Hithadhoo,MV,2021-10-09 18:37:07,-0.6,73.0833,82.94,69,100,8.95
23,Olafsvik,IS,2021-10-09 18:38:45,64.8945,-23.7142,42.08,87,100,20.09
24,Georgetown,MY,2021-10-09 18:36:53,5.4112,100.3354,80.89,88,20,2.3
25,Loukhi,RU,2021-10-09 18:38:46,66.0764,33.0381,44.22,97,100,5.59
26,East London,ZA,2021-10-09 18:38:46,-33.0153,27.9116,61.74,72,0,14.97
27,Porbandar,IN,2021-10-09 18:34:34,21.6422,69.6093,82.87,79,81,4.43
28,Saint-Francois,FR,2021-10-09 18:37:31,46.4154,3.9054,54.84,88,90,0.0
29,Natal,BR,2021-10-09 18:38:47,-5.795,-35.2094,84.85,65,75,21.85
30,Aktash,RU,2021-10-09 18:38:47,50.3,87.7333,14.22,80,2,4.9
31,Hermanus,ZA,2021-10-09 18:37:13,-34.4187,19.2345,60.91,76,0,7.05
32,Gat,IL,2021-10-09 18:38:48,31.61,34.7642,75.88,67,0,7.05
33,Port Alfred,ZA,2021-10-09 18:37:26,-33.5906,26.891,62.24,69,0,19.82
34,Victoria,HK,2021-10-09 18:34:02,22.2855,114.1577,79.95,93,100,1.01
35,Rawson,AR,2021-10-09 18:37:30,-43.3002,-65.1023,73.31,28,0,7.76
36,Cozumel,MX,2021-10-09 18:38:17,20.5083,-86.9458,89.58,81,75,1.01
37,Bacabal,BR,2021-10-09 18:38:50,-4.2917,-44.7917,91.58,48,100,4.76
38,Maniitsoq,GL,2021-10-09 18:38:52,65.4167,-52.9,34.16,52,100,13.22
39,Winchester,GB,2021-10-09 18:38:54,51.0651,-1.3187,58.01,87,20,1.14
40,Adrar,MR,2021-10-09 18:38:56,20.5022,-10.0711,92.62,11,92,11.92
41,Stromness,GB,2021-10-09 18:38:56,58.965,-3.296,53.87,90,0,5.01
42,Creazzo,IT,2021-10-09 18:38:56,45.532,11.4785,60.48,54,100,1.01
43,Saint-Joseph,RE,2021-10-09 18:37:15,-21.3667,55.6167,70.18,81,45,13.4
44,Safaga,EG,2021-10-09 18:38:10,26.7292,33.9365,84.15,44,0,13.96
45,Bunia,CD,2021-10-09 18:38:57,1.5667,30.25,64.45,95,100,2.17
46,Pedernales,DO,2021-10-09 18:38:59,18.0384,-71.744,85.66,65,13,5.75
47,Souillac,MU,2021-10-09 18:36:41,-20.5167,57.5167,72.36,80,51,17.09
48,Bubaque,GW,2021-10-09 18:39:00,11.2833,-15.8333,82.92,75,42,10.13
49,Bulungu,CD,2021-10-09 18:39:01,-4.55,18.6,77.52,69,53,1.23
50,Ambilobe,MG,2021-10-09 18:39:02,-13.2,49.05,73.56,65,25,8.39
51,Qaanaaq,GL,2021-10-09 18:36:33,77.484,-69.3632,27.75,88,100,14.32
52,Punta Arenas,CL,2021-10-09 18:34:53,-53.15,-70.9167,60.91,41,75,34.52
53,Birao,CF,2021-10-09 18:39:02,10.2849,22.7882,80.13,40,20,3.2
54,Urumqi,CN,2021-10-09 18:39:03,43.801,87.6005,40.15,45,0,2.24
55,Jucuaran,SV,2021-10-09 18:39:03,13.2539,-88.2478,86.32,51,99,1.88
56,Ushuaia,AR,2021-10-09 18:39:04,-54.8,-68.3,55.06,50,40,16.11
57,Manaure,CO,2021-10-09 18:39:04,11.7751,-72.4445,91.72,51,10,14.07
58,Rasra,IN,2021-10-09 18:39:05,25.85,83.85,76.35,68,0,3.62
59,Athens,GR,2021-10-09 18:36:45,37.9795,23.7162,69.94,89,71,3.0
60,Crotone,IT,2021-10-09 18:39:05,39.0851,17.1178,66.15,82,20,6.91
61,Oparino,RU,2021-10-09 18:39:06,59.8518,48.2783,43.72,96,100,5.57
62,Japura,ID,2021-10-09 18:39:06,-0.3167,102.35,76.32,94,51,1.59
63,Tombouctou,ML,2021-10-09 18:39:07,20.0,-3.0,92.7,8,100,7.74
64,Malakal,SS,2021-10-09 18:39:07,9.5334,31.6605,79.66,70,93,4.9
65,Pafos,CY,2021-10-09 18:39:08,34.7667,32.4167,71.38,64,0,4.61
66,Malinovskiy,RU,2021-10-09 18:39:08,61.1953,62.8397,32.02,70,7,9.33
67,Hammerfest,NO,2021-10-09 18:39:09,70.6634,23.6821,43.25,93,90,5.75
68,Bredasdorp,ZA,2021-10-09 18:37:09,-34.5322,20.0403,53.28,83,0,1.57
69,Baghdad,IQ,2021-10-09 18:38:27,33.3406,44.4009,78.71,21,0,5.75
70,Kemijarvi,FI,2021-10-09 18:39:10,66.7131,27.4306,44.37,96,100,5.1
71,Juba,SS,2021-10-09 18:39:10,4.8517,31.5825,72.52,81,16,4.65
72,Kissidougou,GN,2021-10-09 18:39:11,9.1848,-10.0999,72.07,93,100,5.55
73,Tahta,EG,2021-10-09 18:39:11,26.7693,31.5021,84.52,28,0,7.05
74,Kielce,PL,2021-10-09 18:39:12,50.8703,20.6275,43.86,1,0,5.93
75,Batticaloa,LK,2021-10-09 18:39:12,7.7102,81.6924,80.71,70,100,7.65
76,Liverpool,GB,2021-10-09 18:39:13,53.4106,-2.9779,61.61,86,75,1.01
77,Krasnovishersk,RU,2021-10-09 18:39:13,60.4078,57.082,34.72,83,98,3.4
78,Ndele,CF,2021-10-09 18:39:14,8.4109,20.6473,78.8,64,100,0.85
79,Bay Roberts,CA,2021-10-09 18:39:14,47.5999,-53.2648,47.05,80,98,8.99
80,Gayeri,BF,2021-10-09 18:39:15,12.6497,0.4931,86.88,46,96,11.36
81,Vila Franca Do Campo,PT,2021-10-09 18:37:48,37.7167,-25.4333,72.01,78,37,8.57
82,Havelock,US,2021-10-09 18:39:16,34.8791,-76.9013,75.43,93,100,11.01
83,Rumonge,BI,2021-10-09 18:39:16,-3.9736,29.4386,79.66,58,100,5.08
84,Constitucion,CL,2021-10-09 18:39:16,-35.3333,-72.4167,59.02,71,19,6.6
85,Makanya,TZ,2021-10-09 18:39:17,-4.3667,37.8333,72.91,70,61,3.98
86,Tazovskiy,RU,2021-10-09 18:39:17,67.4667,78.7,28.45,68,59,15.5
87,Ostrovnoy,RU,2021-10-09 18:39:18,68.0531,39.5131,35.04,97,100,13.96
88,Hofn,IS,2021-10-09 18:37:16,64.2539,-15.2082,47.82,83,100,3.09
89,Thinadhoo,MV,2021-10-09 18:39:18,0.5333,72.9333,83.35,71,100,11.59
90,Den Helder,NL,2021-10-09 18:39:19,52.9599,4.7593,54.01,90,90,5.01
91,Narsaq,GL,2021-10-09 18:36:34,60.9167,-46.05,39.42,61,3,0.72
92,Muhos,FI,2021-10-09 18:39:20,64.808,25.9931,46.18,97,100,5.19
93,Abha,SA,2021-10-09 18:39:21,18.2164,42.5053,71.42,28,0,9.22
94,Purpe,RU,2021-10-09 18:39:21,64.4803,76.6897,29.64,73,100,21.74
95,Keetmanshoop,NA,2021-10-09 18:39:22,-26.5833,18.1333,69.75,15,100,8.23
96,Atar,MR,2021-10-09 18:39:22,20.5169,-13.0499,104.05,15,100,11.5
97,Faya,SA,2021-10-09 18:39:23,18.3851,42.4509,71.71,39,10,11.59
98,Kamina,CD,2021-10-09 18:39:23,-8.7386,24.9906,75.63,31,0,1.14
99,Torres,BR,2021-10-09 18:39:24,-29.3353,-49.7269,66.83,93,100,14.94
100,Martinsicuro,IT,2021-10-09 18:39:24,42.8811,13.9145,59.11,70,100,10.38
101,Arraial Do Cabo,BR,2021-10-09 18:36:49,-22.9661,-42.0278,69.76,68,90,12.66
102,Balakliya,UA,2021-10-09 18:39:26,49.4627,36.8595,49.03,32,100,10.07
103,Hamilton,US,2021-10-09 18:38:35,39.1834,-84.5333,82.22,61,40,1.01
104,Yenagoa,NG,2021-10-09 18:39:28,4.9247,6.2642,75.96,94,100,4.25
105,Illertissen,DE,2021-10-09 18:39:29,48.2234,10.1035,48.78,80,0,4.61
106,Flic En Flac,MU,2021-10-09 18:39:30,-20.2742,57.3631,72.52,78,48,15.73
107,Klaksvik,FO,2021-10-09 18:39:33,62.2266,-6.589,50.92,86,0,19.51
108,Iqaluit,CA,2021-10-09 18:39:33,63.7506,-68.5145,37.13,86,75,4.0
109,Independence,US,2021-10-09 18:39:37,39.0911,-94.4155,88.07,49,1,13.8
110,Warrington,GB,2021-10-09 18:39:38,53.3925,-2.5802,60.91,90,75,1.01
111,Casa Nova,BR,2021-10-09 18:39:38,-9.4167,-41.1333,93.18,30,86,13.44
112,Cartagena,CO,2021-10-09 18:39:39,10.3997,-75.5144,76.62,94,40,3.44
113,Ribeira Grande,PT,2021-10-09 18:39:39,38.5167,-28.7,73.8,73,20,17.27
114,Saint-Prosper,CA,2021-10-09 18:39:40,46.2117,-70.4811,65.32,51,93,6.26
115,Paamiut,GL,2021-10-09 18:39:41,61.994,-49.6678,35.22,51,100,0.87
116,Arivonimamo,MG,2021-10-09 18:39:41,-19.0167,47.1833,57.25,82,83,6.85
117,Bengkulu,ID,2021-10-09 18:39:41,-3.8004,102.2655,77.22,92,25,6.55
118,Bhatkal,IN,2021-10-09 18:39:42,13.9667,74.5667,79.56,86,100,5.79
119,Waling,NP,2021-10-09 18:39:43,27.9833,83.7667,67.91,93,3,2.86
120,Am Timan,TD,2021-10-09 18:39:43,11.0297,20.2827,82.99,48,100,3.27
121,Prado,BR,2021-10-09 18:39:43,-17.3411,-39.2208,74.84,71,100,9.73
122,Loralai,PK,2021-10-09 18:39:44,30.3705,68.598,70.5,14,0,4.99
123,Coihaique,CL,2021-10-09 18:36:40,-45.5752,-72.0662,62.55,45,40,9.22
124,Port-Gentil,GA,2021-10-09 18:39:45,-0.7193,8.7815,78.76,89,75,12.66
125,Oistins,BB,2021-10-09 18:39:45,13.0667,-59.5333,86.09,74,40,12.66
126,Vila Velha,BR,2021-10-09 18:39:46,-20.3297,-40.2925,71.55,73,75,6.91
127,Linhares,BR,2021-10-09 18:39:47,-19.3911,-40.0722,71.15,73,100,5.1
128,Seminole,US,2021-10-09 18:36:28,28.7086,-81.2081,88.56,68,1,1.01
129,Shar,KZ,2021-10-09 18:39:47,49.5886,81.0453,39.96,53,14,8.16
130,Tessalit,ML,2021-10-09 18:39:48,20.1986,1.0114,90.9,9,100,8.59
131,Hanstholm,DK,2021-10-09 18:39:48,57.1167,8.6167,51.51,85,98,5.95
132,Blantyre,MW,2021-10-09 18:39:49,-15.785,35.0085,76.98,22,0,4.56
133,Torbay,CA,2021-10-09 18:37:29,47.6666,-52.7314,46.27,82,90,32.21
134,Salinopolis,BR,2021-10-09 18:39:50,-0.6136,-47.3561,84.36,69,98,14.07
135,Caravelas,BR,2021-10-09 18:39:50,-17.7125,-39.2481,74.25,73,100,8.66
136,Toma,BF,2021-10-09 18:39:51,12.7667,-2.8833,90.18,25,31,4.23
137,Salalah,OM,2021-10-09 18:39:51,17.0151,54.0924,80.69,89,20,5.75
138,Turayf,SA,2021-10-09 18:39:52,31.6725,38.6637,79.05,22,0,9.22
139,Vavoua,CI,2021-10-09 18:39:52,7.3819,-6.4778,74.21,93,15,3.56
140,Taoudenni,ML,2021-10-09 18:39:52,22.6783,-3.9836,97.0,8,97,5.91
141,Matara,LK,2021-10-09 18:39:53,5.9485,80.5353,79.18,86,100,9.78
142,Tabou,CI,2021-10-09 18:39:53,4.423,-7.3528,77.09,89,45,7.29
143,Tocache,PE,2021-10-09 18:39:54,-8.1842,-76.5125,93.24,41,94,1.1
144,Sao Filipe,CV,2021-10-09 18:36:58,14.8961,-24.4956,81.25,71,3,11.77
145,Praia,CV,2021-10-09 18:39:55,14.9215,-23.5087,88.34,55,20,10.36
146,Kamenka,RU,2021-10-09 18:39:55,51.3223,42.7678,42.98,61,58,5.68
147,Ancud,CL,2021-10-09 18:39:56,-41.8697,-73.8203,62.13,72,0,8.46
148,Doctor Juan Manuel Frutos,PY,2021-10-09 18:39:56,-25.3667,-55.8,68.99,97,100,2.51
149,Jurm,AF,2021-10-09 18:39:57,36.8648,70.8342,44.74,47,85,2.42
150,Necochea,AR,2021-10-09 18:39:57,-38.5473,-58.7368,61.93,56,0,11.86
151,Castro,BR,2021-10-09 18:39:58,-24.7911,-50.0119,56.8,98,100,6.8
152,San Cristobal,VE,2021-10-09 18:36:42,7.7669,-72.225,84.15,51,46,3.02
153,Wilmington,US,2021-10-09 18:39:58,34.2257,-77.9447,75.88,84,100,3.0
154,Kruisfontein,ZA,2021-10-09 18:36:55,-34.0033,24.7314,57.88,76,0,12.35
155,Lagoa,PT,2021-10-09 18:36:56,39.05,-27.9833,69.71,76,100,18.37
156,Ponta Delgada,PT,2021-10-09 18:39:59,37.7333,-25.6667,72.32,73,20,11.5
157,Bambous Virieux,MU,2021-10-09 18:39:59,-20.3428,57.7575,72.21,78,13,17.96
158,Upernavik,GL,2021-10-09 18:36:39,72.7868,-56.1549,29.91,52,100,9.82
159,Panaba,MX,2021-10-09 18:40:00,21.2833,-88.2667,92.64,50,63,10.94
160,Gonbad-E Qabus,IR,2021-10-09 18:40:01,37.25,55.1672,56.35,52,15,2.95
161,Tallahassee,US,2021-10-09 18:39:57,30.4383,-84.2807,84.67,68,40,1.01
162,Marsh Harbour,BS,2021-10-09 18:35:34,26.5412,-77.0636,82.69,66,97,4.32
163,Mombaca,BR,2021-10-09 18:40:02,-5.7431,-39.6275,97.05,26,100,7.31
164,Rakiv Lis,UA,2021-10-09 18:40:03,51.6217,24.9243,40.62,67,0,6.64
165,Longyearbyen,SJ,2021-10-09 18:36:48,78.2186,15.6401,19.24,73,20,9.22
166,Sherbakul,RU,2021-10-09 18:40:04,54.6316,72.3963,35.28,80,50,5.64
167,Karabuk,TR,2021-10-09 18:40:04,41.2049,32.6277,56.89,89,39,0.72
168,Bereda,ES,2021-10-09 18:40:05,43.2686,-7.5406,60.55,96,100,7.78
169,Aguimes,ES,2021-10-09 18:40:08,27.9054,-15.4461,72.23,71,20,23.02
170,Karoi,ZW,2021-10-09 18:40:08,-16.8099,29.6925,76.42,37,43,5.3
171,Westport,US,2021-10-09 18:40:08,41.1415,-73.3579,69.78,83,90,1.01
172,Yar-Sale,RU,2021-10-09 18:40:10,66.8333,70.8333,28.78,79,13,15.08
173,Luba,GQ,2021-10-09 18:40:11,3.4568,8.5547,73.29,89,100,7.25
174,Charlestown,AU,2021-10-09 18:40:12,-32.95,151.6667,67.41,65,70,1.99
175,Machilipatnam,IN,2021-10-09 18:40:19,16.1667,81.1333,80.46,83,80,5.46
176,Cayenne,GF,2021-10-09 18:40:19,4.9333,-52.3333,89.64,75,75,1.99
177,Kilindoni,TZ,2021-10-09 18:40:20,-7.9139,39.6668,77.9,79,1,14.47
178,Urengoy,RU,2021-10-09 18:40:21,65.9667,78.3667,28.31,72,100,13.2
179,Richards Bay,ZA,2021-10-09 18:40:22,-28.783,32.0377,69.12,74,100,17.52
180,Moshenskoye,RU,2021-10-09 18:40:28,58.5102,34.5911,43.86,77,100,5.59
181,Codrington,AU,2021-10-09 18:40:30,-38.2667,141.9667,50.54,49,96,10.45
182,Muros,ES,2021-10-09 18:37:19,42.7762,-9.0603,67.08,70,94,11.27
183,Tocantins,BR,2021-10-09 18:40:31,-10.5,-48.0,100.65,18,34,10.04
184,Skjervoy,NO,2021-10-09 18:40:31,70.0311,20.9714,48.33,82,100,13.42
185,Vilcun,CL,2021-10-09 18:40:32,-38.65,-72.2333,68.74,47,0,5.17
186,Nikita,UA,2021-10-09 18:40:32,44.5333,34.2333,44.73,76,44,1.68
187,Santa Isabel Do Rio Negro,BR,2021-10-09 18:40:33,-0.4139,-65.0192,93.63,45,97,2.8
188,Kocevje,SI,2021-10-09 18:40:33,45.6433,14.8633,50.92,72,76,11.25
189,Ponta Do Sol,PT,2021-10-09 18:37:07,32.6667,-17.1,74.12,49,17,4.47
190,Chernyakhiv,UA,2021-10-09 18:40:34,50.4565,28.6702,38.5,57,72,7.38
191,Bara,NG,2021-10-09 18:40:39,10.3744,10.7288,82.9,47,97,3.33
192,Goderich,CA,2021-10-09 18:40:39,43.7501,-81.7165,72.03,88,19,3.44
193,Mitu,CO,2021-10-09 18:40:40,1.1983,-70.1733,85.39,77,80,0.96
194,Mahebourg,MU,2021-10-09 18:40:47,-20.4081,57.7,72.25,78,19,18.28
195,Urubicha,BO,2021-10-09 18:40:47,-15.3833,-62.95,93.85,41,86,4.94
196,Chopinzinho,BR,2021-10-09 18:40:48,-25.8558,-52.5233,62.31,97,100,7.09
197,Tonantins,BR,2021-10-09 18:40:48,-2.8731,-67.8022,92.68,46,100,2.55
198,Coquimbo,CL,2021-10-09 18:40:49,-29.9533,-71.3436,62.33,59,20,13.8
199,Alta Floresta,BR,2021-10-09 18:40:59,-9.8756,-56.0861,93.02,49,20,6.91
200,Buenos Aires,AR,2021-10-09 18:40:52,-34.6132,-58.3772,70.02,59,0,14.97
201,Kalmunai,LK,2021-10-09 18:40:59,7.4167,81.8167,81.34,70,100,6.69
202,Corrente,BR,2021-10-09 18:40:59,-3.7367,-43.3394,86.83,54,100,2.21
203,Machico,PT,2021-10-09 18:41:01,32.7,-16.7667,74.03,69,40,14.97
204,Druzhba,UA,2021-10-09 18:41:01,52.0428,33.9453,39.31,64,35,6.85
205,Eqbaliyeh,IR,2021-10-09 18:41:02,35.3022,51.5358,62.42,39,0,8.1
206,Bichena,ET,2021-10-09 18:41:21,10.45,38.2,53.87,76,100,2.95
207,Beinamar,TD,2021-10-09 18:41:39,8.6698,15.3813,81.59,67,89,3.11
208,Ilulissat,GL,2021-10-09 18:41:39,69.2167,-51.1,28.42,43,75,9.22
209,Ylojarvi,FI,2021-10-09 18:41:40,61.5563,23.5961,52.81,96,90,4.61
210,Jumla,NP,2021-10-09 18:39:05,29.2747,82.1838,52.45,87,5,3.87
211,Paracuru,BR,2021-10-09 18:41:41,-3.41,-39.0306,84.22,68,93,15.08
212,Mecca,SA,2021-10-09 18:41:42,21.4267,39.8261,88.09,53,66,3.69
213,Jacmel,HT,2021-10-09 18:41:42,18.2342,-72.5347,91.24,68,33,6.04
214,Bekeshevskaya,RU,2021-10-09 18:41:43,44.1139,42.4269,45.77,86,100,9.24
215,Dingle,PH,2021-10-09 18:36:46,10.9995,122.6711,74.53,95,100,9.95
216,Douentza,ML,2021-10-09 18:41:43,14.9951,-2.9517,94.23,10,9,6.13
217,Teguise,ES,2021-10-09 18:42:01,29.0605,-13.564,71.82,73,20,17.27
218,Kavaratti,IN,2021-10-09 18:42:11,10.5669,72.642,82.4,79,100,10.25
219,Gravdal,NO,2021-10-09 18:42:12,68.1214,13.5031,48.83,97,100,16.13
220,Carnarvon,AU,2021-10-09 18:42:13,-24.8667,113.6333,64.47,72,0,20.71
221,Maun,BW,2021-10-09 18:42:13,-19.9833,23.4167,89.56,19,0,3.44
222,Vagay,RU,2021-10-09 18:37:12,57.9375,69.0217,38.71,80,96,6.93
223,Deutschlandsberg,AT,2021-10-09 18:42:14,46.8153,15.2222,48.24,92,5,4.54
224,Romitan,UZ,2021-10-09 18:42:14,39.9343,64.3814,48.15,29,0,4.61
225,Quatre Cocos,MU,2021-10-09 18:42:15,-20.2078,57.7625,72.09,78,13,17.65
226,Bombay,IN,2021-10-09 18:37:52,19.0144,72.8479,80.58,89,40,3.44
227,Bonavista,CA,2021-10-09 18:42:15,48.6499,-53.1147,46.11,79,38,36.15
228,Husavik,IS,2021-10-09 18:37:18,66.0449,-17.3389,40.91,98,100,9.98
229,Orocue,CO,2021-10-09 18:42:16,4.7912,-71.3354,90.72,54,93,4.09
230,Taltal,CL,2021-10-09 18:42:17,-25.4,-70.4833,62.42,61,22,8.72
231,Vestmanna,FO,2021-10-09 18:36:44,62.1564,-7.1664,49.12,100,90,13.8
232,Kristiansund,NO,2021-10-09 18:42:17,63.1115,7.732,60.85,94,75,3.44
233,Rio Gallegos,AR,2021-10-09 18:42:18,-51.6226,-69.2181,69.85,23,75,34.52
234,Correntina,BR,2021-10-09 18:42:19,-13.3433,-44.6367,99.03,18,41,10.33
235,Dudinka,RU,2021-10-09 18:42:22,69.4058,86.1778,20.75,88,95,14.52
236,Tingo Maria,PE,2021-10-09 18:42:23,-9.2895,-76.0088,79.11,78,75,0.0
237,Oranjemund,NA,2021-10-09 18:42:23,-28.55,16.4333,58.84,82,27,17.34
238,Aktau,KZ,2021-10-09 18:42:23,43.65,51.2,41.58,35,4,5.1
239,Luderitz,NA,2021-10-09 18:42:24,-26.6481,15.1594,64.2,58,34,19.33
240,Anloga,GH,2021-10-09 18:42:24,5.7947,0.8973,82.62,82,63,12.62
241,Gamba,GA,2021-10-09 18:42:25,-2.65,10.0,77.34,89,100,9.84
242,Maldonado,UY,2021-10-09 18:42:25,-34.6667,-54.9167,65.59,58,13,12.21
243,Luanda,AO,2021-10-09 18:42:26,-8.8368,13.2343,75.2,78,40,11.5
244,Vestmannaeyjar,IS,2021-10-09 18:42:27,63.4427,-20.2734,47.39,87,40,11.5
245,Sinnamary,GF,2021-10-09 18:42:40,5.3833,-52.95,84.87,68,100,10.74
246,Takoradi,GH,2021-10-09 18:42:41,4.8845,-1.7554,78.1,88,100,9.95
247,Pervomayskiy,RU,2021-10-09 18:42:42,53.2485,40.2871,40.14,66,0,4.27
248,Havre-Saint-Pierre,CA,2021-10-09 18:37:13,50.2334,-63.5986,52.39,71,40,6.91
249,Klyavlino,RU,2021-10-09 18:42:45,54.2649,52.0267,40.14,79,99,3.96
250,Voi,KE,2021-10-09 18:42:45,-3.3945,38.563,72.84,81,76,9.13
251,Sinop,TR,2021-10-09 18:42:46,41.7711,34.8709,55.92,89,96,1.63
252,Shurob,TJ,2021-10-09 18:42:46,40.0491,70.5489,42.49,87,100,7.7
253,Bonthe,SL,2021-10-09 18:42:47,7.5264,-12.505,79.84,80,99,10.27
254,Kousseri,CM,2021-10-09 18:42:47,12.0769,15.0306,87.76,29,76,3.44
255,Swellendam,ZA,2021-10-09 18:42:48,-34.0226,20.4417,54.9,75,0,4.88
256,Grand Gaube,MU,2021-10-09 18:36:44,-20.0064,57.6608,72.37,78,1,8.99
257,Kyzyl-Suu,KG,2021-10-09 18:42:49,42.3414,78.0056,44.67,57,76,7.23
258,Valparaiso,CL,2021-10-09 18:40:51,-33.0393,-71.6273,62.24,67,0,6.91
259,Kjollefjord,NO,2021-10-09 18:42:51,70.9457,27.3465,37.02,96,100,5.32
260,Inhambane,MZ,2021-10-09 18:42:52,-23.865,35.3833,73.38,83,0,18.41
261,Milan,IT,2021-10-09 18:42:52,45.4643,9.1895,61.18,60,20,2.3
262,Vatava,RO,2021-10-09 18:42:53,46.9667,24.7667,41.04,57,100,7.34
263,Upington,ZA,2021-10-09 18:42:59,-28.4478,21.2561,68.38,22,0,5.75
264,Korla,CN,2021-10-09 18:39:14,41.7597,86.1469,46.17,43,7,4.07
265,Nanortalik,GL,2021-10-09 18:42:59,60.1432,-45.2371,37.51,82,6,3.09
266,Tandil,AR,2021-10-09 18:40:06,-37.3217,-59.1332,63.48,50,0,8.28
267,Meulaboh,ID,2021-10-09 18:43:00,4.1363,96.1285,77.11,86,75,5.88
268,Terekli-Mekteb,RU,2021-10-09 18:43:01,44.1671,45.8698,51.69,59,92,16.6
269,Upata,VE,2021-10-09 18:43:01,8.0086,-62.3989,87.19,82,98,3.56
270,Los Llanos De Aridane,ES,2021-10-09 18:43:02,28.6585,-17.9182,70.12,83,20,17.27
271,Usinsk,RU,2021-10-09 18:43:03,65.9939,57.5281,29.03,84,16,9.19
272,Stavern,NO,2021-10-09 18:43:03,59.0,10.0333,55.72,91,27,22.1
273,Altay,CN,2021-10-09 18:43:04,47.8667,88.1167,33.26,45,6,9.06
274,Clyde River,CA,2021-10-09 18:36:50,70.4692,-68.5914,35.02,76,100,11.03
275,Lagunas,PE,2021-10-09 18:43:05,-5.2269,-75.6753,99.34,32,81,2.37
276,Avanigadda,IN,2021-10-09 18:43:14,16.0215,80.9181,77.54,90,94,3.8
277,Shubarkuduk,KZ,2021-10-09 18:43:14,49.1447,56.4872,46.74,39,0,6.64
278,Maragogi,BR,2021-10-09 18:43:16,-9.0122,-35.2225,79.05,69,100,10.33
279,Talcahuano,CL,2021-10-09 18:43:16,-36.7167,-73.1167,56.88,77,75,14.97
280,Comodoro Rivadavia,AR,2021-10-09 18:43:17,-45.8667,-67.5,75.06,27,0,12.66
281,Iracoubo,GF,2021-10-09 18:43:17,5.4802,-53.2011,84.43,70,100,10.74
282,Hobyo,SO,2021-10-09 18:43:18,5.3505,48.5268,78.6,85,59,14.88
283,Mahajanga,MG,2021-10-09 18:43:18,-15.7167,46.3167,77.02,78,20,2.3
284,Ust-Tsilma,RU,2021-10-09 18:43:18,65.441,52.1498,30.02,81,90,3.49
285,Vardo,NO,2021-10-09 18:43:19,70.3705,31.1107,38.43,95,100,8.03
286,Ciudad Bolivar,VE,2021-10-09 18:43:19,8.1222,-63.5497,90.01,53,100,1.19
287,Agadez,NE,2021-10-09 18:43:20,19.75,10.25,83.01,8,0,6.93
288,Salinas,US,2021-10-09 18:43:21,36.6777,-121.6555,71.82,45,1,4.61
289,Saldanha,ZA,2021-10-09 18:43:21,-33.0117,17.9442,59.58,77,0,17.29
290,Plettenberg Bay,ZA,2021-10-09 18:43:22,-34.0527,23.3716,56.17,78,0,7.2
291,Hambantota,LK,2021-10-09 18:43:22,6.1241,81.1185,79.14,100,0,6.91
292,Mahibadhoo,MV,2021-10-09 18:43:23,3.7833,72.9667,83.37,76,100,12.66
293,Iquique,CL,2021-10-09 18:43:24,-20.2208,-70.1431,64.44,72,13,10.38
294,Horki,BY,2021-10-09 18:43:25,54.2861,30.9842,40.1,73,16,2.84
295,Marzuq,YE,2021-10-09 18:43:26,14.4,46.4667,77.34,61,12,3.11
296,Verkhnyaya Inta,RU,2021-10-09 18:43:26,65.9811,60.3094,27.03,83,13,9.22
297,Goure,NE,2021-10-09 18:43:26,13.9835,10.2704,89.02,13,100,6.87
298,Gusau,NG,2021-10-09 18:43:27,12.1628,6.6614,84.45,28,67,6.82
299,Uyuni,BO,2021-10-09 18:43:28,-20.4597,-66.825,63.45,22,6,20.94
300,Sambava,MG,2021-10-09 18:43:30,-14.2667,50.1667,73.98,69,37,13.65
301,Yarmouth,US,2021-10-09 18:43:31,41.7057,-70.2286,64.96,76,90,5.01
302,Rorvik,NO,2021-10-09 18:43:31,64.8621,11.2373,54.48,94,100,23.85
303,Huanta,PE,2021-10-09 18:43:32,-12.9333,-74.25,73.8,45,100,7.29
304,Bollnas,SE,2021-10-09 18:43:32,61.3482,16.3946,56.39,86,96,10.02
305,Kuznechikha,RU,2021-10-09 18:43:33,57.2161,42.3348,41.72,71,92,5.93
306,Mariel,CU,2021-10-09 18:43:34,22.9875,-82.7536,89.74,62,3,8.37
307,Aksarka,RU,2021-10-09 18:43:34,66.5606,67.7975,28.4,73,25,9.13
308,Drolshagen,DE,2021-10-09 18:43:35,51.0167,7.7667,50.52,78,57,4.29
309,Grindavik,IS,2021-10-09 18:43:36,63.8424,-22.4338,45.07,87,75,13.8
310,San Luis,AR,2021-10-09 18:37:00,-33.295,-66.3356,66.42,44,100,2.66
311,Bandarbeyla,SO,2021-10-09 18:43:37,9.4942,50.8122,78.35,84,86,21.68
312,Nicoya,CR,2021-10-09 18:43:38,10.1483,-85.452,89.15,74,97,2.46
313,Englehart,CA,2021-10-09 18:43:08,47.8169,-79.8664,72.16,64,20,12.66
314,Valdivia,CL,2021-10-09 18:43:38,-39.8142,-73.2459,64.49,39,0,2.39
315,Lubango,AO,2021-10-09 18:43:39,-14.9172,13.4925,71.53,35,76,2.3
316,Bauchi,NG,2021-10-09 18:43:39,10.5,10.0,80.65,41,100,0.36
317,Granadilla De Abona,ES,2021-10-09 18:43:40,28.1188,-16.576,70.9,65,20,13.8
318,Dakar,SN,2021-10-09 18:42:22,14.6937,-17.4441,84.33,84,20,4.61
319,Panjab,AF,2021-10-09 18:43:41,34.388,67.0233,43.93,32,0,4.29
320,Solton,RU,2021-10-09 18:43:41,52.8429,86.4787,36.73,90,2,6.46
321,Viedma,AR,2021-10-09 18:40:14,-40.8135,-62.9967,81.97,19,0,11.12
322,Amontada,BR,2021-10-09 18:43:42,-3.3617,-39.8317,91.4,48,78,13.76
323,Middelburg,ZA,2021-10-09 18:43:43,-25.7751,29.4648,68.14,24,5,8.59
324,Antalaha,MG,2021-10-09 18:43:44,-14.9003,50.2788,68.95,80,10,9.48
325,Bad Kreuznach,DE,2021-10-09 18:43:44,49.8333,7.8667,55.9,71,26,3.85
326,Maxixe,MZ,2021-10-09 18:43:45,-23.8597,35.3472,73.22,83,0,18.41
327,Umm Kaddadah,SD,2021-10-09 18:43:46,13.6017,26.6876,90.34,14,73,11.72
328,Strezhevoy,RU,2021-10-09 18:43:47,60.7333,77.5889,31.98,75,96,12.44
329,San Carlos De Bariloche,AR,2021-10-09 18:43:47,-41.1456,-71.3082,73.15,14,0,12.66
330,Pangnirtung,CA,2021-10-09 18:43:47,66.1451,-65.7125,35.6,93,90,4.61
331,Road Town,VG,2021-10-09 18:39:23,18.4167,-64.6167,87.89,62,20,10.36
332,Jalu,LY,2021-10-09 18:43:49,29.0331,21.5482,80.91,24,0,9.37
333,Salekhard,RU,2021-10-09 18:43:49,66.53,66.6019,28.35,74,9,11.23
334,Tabas,IR,2021-10-09 18:43:49,33.5959,56.9244,62.01,29,0,9.51
335,Mahon,ES,2021-10-09 18:43:50,39.8885,4.2658,63.16,82,20,6.91
336,Moissala,TD,2021-10-09 18:43:50,8.3404,17.7663,78.35,72,100,1.9
337,Pontes E Lacerda,BR,2021-10-09 18:43:50,-15.2261,-59.3353,99.73,28,82,6.33
338,Safonovo,RU,2021-10-09 18:43:51,55.15,33.2167,38.71,70,13,1.45
339,Nuuk,GL,2021-10-09 18:37:09,64.1835,-51.7216,34.41,80,75,11.5
340,Santa Cruz,BO,2021-10-09 18:43:51,-17.8,-63.1667,98.06,41,40,17.27
341,Atasu,KZ,2021-10-09 18:43:53,48.6814,71.6433,44.69,52,100,5.01
342,Batsfjord,NO,2021-10-09 18:43:54,70.6345,29.7185,36.95,95,100,5.32
343,Ogdensburg,US,2021-10-09 18:43:55,44.6942,-75.4863,72.25,57,90,0.0
344,Kutahya,TR,2021-10-09 18:43:56,39.4242,29.9833,58.89,77,3,3.74
345,Barahona,DO,2021-10-09 18:43:57,18.2085,-71.1008,89.42,62,20,13.8
346,Sabla,NG,2021-10-09 18:43:59,12.7525,4.7077,87.91,29,100,7.72
347,Ladybrand,ZA,2021-10-09 18:43:59,-29.1945,27.4574,57.15,34,8,9.33
348,Boa Vista,BR,2021-10-09 18:40:40,2.8197,-60.6733,91.38,49,40,8.05
349,Eyl,SO,2021-10-09 18:44:00,7.9803,49.8164,77.9,82,7,15.32
350,Doha,QA,2021-10-09 18:41:06,25.2867,51.5333,91.38,41,0,12.66
351,Wareham,GB,2021-10-09 18:44:01,50.6889,-2.1104,59.94,86,100,4.09
352,Xai-Xai,MZ,2021-10-09 18:44:01,-25.0519,33.6442,77.95,57,0,12.21
353,Pemba,MZ,2021-10-09 18:44:01,-12.974,40.5178,79.5,83,20,14.97
354,Kuruman,ZA,2021-10-09 18:44:02,-27.4524,23.4325,63.0,18,5,11.1
355,Monte Carmelo,BR,2021-10-09 18:44:03,-18.7247,-47.4986,89.17,31,57,8.1
356,Lampa,CL,2021-10-09 18:44:03,-33.2833,-70.9,72.95,31,0,13.8
357,Duki,PK,2021-10-09 18:44:05,30.1541,68.5728,76.32,14,0,5.53
358,Panama City,PA,2021-10-09 18:44:07,8.9936,-79.5197,84.15,79,75,11.5
359,Robertsport,LR,2021-10-09 18:44:08,6.7533,-11.3686,80.06,81,100,12.57
360,Minas,UY,2021-10-09 18:44:08,-34.3759,-55.2377,64.87,57,18,10.83
361,Marrakesh,MA,2021-10-09 18:44:09,31.6315,-8.0083,86.07,25,0,4.61
362,Calbuco,CL,2021-10-09 18:44:11,-41.768,-73.1273,63.61,78,0,9.78
363,Imeni Stepana Razina,RU,2021-10-09 18:44:11,54.8932,44.2963,40.26,73,12,5.79
364,Sena Madureira,BR,2021-10-09 18:44:12,-9.0656,-68.6569,94.71,39,100,2.57
365,Musoma,TZ,2021-10-09 18:41:53,-1.5,33.8,70.07,84,100,13.62
366,Barra Dos Coqueiros,BR,2021-10-09 18:44:12,-10.9089,-37.0386,84.22,61,20,13.8
367,Impfondo,CG,2021-10-09 18:44:13,1.6381,18.0667,78.55,75,90,0.69
368,Sept-Iles,CA,2021-10-09 18:41:47,50.2001,-66.3821,51.06,70,75,4.0
369,Kondagaon,IN,2021-10-09 18:37:06,19.6,81.6667,69.71,73,100,3.2
370,Umm Lajj,SA,2021-10-09 18:44:15,25.0213,37.2685,87.46,54,6,7.49
371,Ozinki,RU,2021-10-09 18:44:15,51.1786,49.6769,45.46,49,1,6.8
372,Kangundo,KE,2021-10-09 18:44:16,-1.2979,37.3471,65.82,73,97,10.04
373,Touros,BR,2021-10-09 18:43:22,-5.1989,-35.4608,85.1,68,72,16.08
374,Belmonte,BR,2021-10-09 18:44:17,-15.8631,-38.8828,77.0,77,100,10.87
375,Bud,US,2021-10-09 18:44:20,39.447,-86.1758,83.43,60,14,10.25
376,Biograd Na Moru,HR,2021-10-09 18:44:20,43.9433,15.4519,56.1,67,26,20.31
377,Raudeberg,NO,2021-10-09 18:44:21,61.9875,5.1352,59.2,90,100,10.0
378,Jardim,BR,2021-10-09 18:44:21,-21.4803,-56.1381,80.11,78,98,2.91
379,Coihueco,CL,2021-10-09 18:44:21,-36.6167,-71.8333,63.34,72,20,11.5
380,Lobva,RU,2021-10-09 18:44:24,59.1854,60.5185,35.06,79,26,6.04
381,Leshukonskoye,RU,2021-10-09 18:44:25,64.8989,45.7622,31.75,92,100,1.9
382,Osvaldo Cruz,BR,2021-10-09 18:44:26,-21.7967,-50.8786,94.17,30,100,1.61
383,Biltine,TD,2021-10-09 18:44:26,14.5333,20.9167,90.55,15,100,5.88
384,Sfantu Gheorghe,RO,2021-10-09 18:42:09,45.8667,25.7833,40.93,60,44,5.03
385,Halifax,CA,2021-10-09 18:41:14,44.6453,-63.5724,59.05,52,7,1.01
386,Worthing,GB,2021-10-09 18:41:13,50.8145,-0.3713,59.7,79,20,1.01
387,Carauari,BR,2021-10-09 18:44:27,-4.8828,-66.8958,94.19,42,87,1.57
388,Ust-Koksa,RU,2021-10-09 18:44:27,50.2696,85.6108,26.06,89,4,0.58
389,Rio Grande,BR,2021-10-09 18:43:01,-32.035,-52.0986,66.31,71,100,17.05
390,Sorland,NO,2021-10-09 18:44:29,67.667,12.6934,52.09,97,100,25.32
391,Kondinskoye,RU,2021-10-09 18:44:29,59.6481,67.41,36.36,73,100,10.65
392,Marabba,SD,2021-10-09 18:44:31,12.35,32.1833,91.15,30,57,8.12
393,Mozarlandia,BR,2021-10-09 18:44:31,-14.7447,-50.5706,101.01,20,93,8.3
394,Mitsamiouli,KM,2021-10-09 18:44:32,-11.3847,43.2844,76.71,82,4,9.71
395,Henties Bay,NA,2021-10-09 18:44:33,-22.116,14.2845,58.86,78,0,5.06
396,Alpena,US,2021-10-09 18:44:34,45.0617,-83.4327,71.74,85,90,4.0
397,Podgornoye,RU,2021-10-09 18:44:34,51.735,39.1496,34.02,86,0,0.0
398,Laguna,US,2021-10-09 18:44:36,38.421,-121.4238,69.64,53,1,3.0
399,Varna,BG,2021-10-09 18:44:37,43.2167,27.9167,51.94,76,90,9.22
400,Kulhudhuffushi,MV,2021-10-09 18:44:38,6.6221,73.07,82.51,79,77,15.43
401,Atlantic Beach,US,2021-10-09 18:44:38,30.3344,-81.3987,87.13,71,40,1.01
402,Beira,MZ,2021-10-09 18:44:40,-19.8436,34.8389,75.13,68,0,10.49
403,Gouyave,GD,2021-10-09 18:44:41,12.1646,-61.7296,84.97,62,40,17.27
404,Dhidhdhoo,MV,2021-10-09 18:42:39,6.8833,73.1,82.6,79,46,15.37
405,Andenes,NO,2021-10-09 18:44:42,69.3143,16.1194,48.18,87,40,8.05
406,Roald,NO,2021-10-09 18:44:44,62.5833,6.1333,62.17,77,75,13.8
407,Thompson,CA,2021-10-09 18:36:51,55.7435,-97.8558,48.36,61,20,10.36
408,Omboue,GA,2021-10-09 18:44:45,-1.5746,9.2618,77.47,89,99,10.18
409,Chapais,CA,2021-10-09 18:44:51,49.7834,-74.8492,67.78,56,63,11.97
410,Barcelos,PT,2021-10-09 18:42:19,41.5388,-8.6151,72.91,69,100,2.17
411,Bella Vista,US,2021-10-09 18:44:54,36.4295,-94.2316,88.05,41,1,1.99
412,Requena,ES,2021-10-09 18:44:57,39.4883,-1.1004,63.14,88,31,6.49
413,Neuquen,AR,2021-10-09 18:40:11,-38.9516,-68.0591,80.49,26,0,9.22
414,Bafq,IR,2021-10-09 18:44:57,31.6128,55.4107,62.13,33,0,15.03
415,Primorsk,UA,2021-10-09 18:44:58,46.7348,36.3443,54.86,50,100,20.36
416,Lodingen,NO,2021-10-09 18:44:58,68.414,15.9951,49.44,94,100,1.99
417,Marawi,PH,2021-10-09 18:44:59,7.9986,124.2928,64.65,91,100,1.81
418,Sokoni,TZ,2021-10-09 18:45:08,-6.4333,39.55,78.21,80,1,14.99
419,Riyadh,SA,2021-10-09 18:43:58,24.6877,46.7219,84.34,15,0,9.62
420,Mogadishu,SO,2021-10-09 18:45:15,2.0371,45.3438,78.55,89,59,11.68
421,Joshimath,IN,2021-10-09 18:45:15,30.5667,79.5667,59.94,51,0,3.8
422,Kahama,TZ,2021-10-09 18:45:15,-3.8333,32.6,76.44,48,25,5.03
423,Thaba-Tseka,LS,2021-10-09 18:45:16,-29.522,28.6084,50.76,41,98,4.21
424,Citrus Park,US,2021-10-09 18:45:16,28.0784,-82.5698,89.55,60,75,1.01
425,Maneromango,TZ,2021-10-09 18:45:17,-7.1988,38.7848,70.88,85,30,7.85
426,Chufarovo,RU,2021-10-09 18:45:18,54.0963,47.3367,41.41,66,56,4.05
427,Macau,MO,2021-10-09 18:45:18,22.2006,113.5461,79.07,94,40,21.85
428,Visby,SE,2021-10-09 18:43:33,57.6409,18.296,52.86,93,75,9.22
429,Raigarh,IN,2021-10-09 18:45:04,21.9,83.4,73.99,64,72,2.82
430,Dalvik,IS,2021-10-09 18:45:19,65.9702,-18.5286,40.93,98,100,7.31
431,Aquiraz,BR,2021-10-09 18:45:25,-3.9014,-38.3911,86.22,61,63,12.71
432,Olinda,BR,2021-10-09 18:45:25,-8.0089,-34.8553,83.93,65,40,14.97
433,Solano,US,2021-10-09 18:45:26,38.2333,-121.9511,70.16,55,1,11.5
434,Karachi,PK,2021-10-09 18:42:55,24.9056,67.0822,80.42,78,40,10.36
435,Belyy Yar,RU,2021-10-09 18:45:26,53.6039,91.3903,46.29,57,0,11.18
436,Praia Da Vitoria,PT,2021-10-09 18:36:48,38.7333,-27.0667,73.76,78,40,15.17
437,Purranque,CL,2021-10-09 18:45:27,-40.9167,-73.1667,63.73,42,0,5.66
438,Moroto,UG,2021-10-09 18:45:27,2.5345,34.6666,74.26,58,55,2.3
439,Bousso,TD,2021-10-09 18:45:28,10.4795,16.7117,79.57,74,80,1.61
440,Kutum,SD,2021-10-09 18:45:29,14.2,24.6667,82.69,14,99,16.62
441,Pula,HR,2021-10-09 18:45:35,44.8683,13.8481,56.26,54,0,11.5
442,Ewo,CG,2021-10-09 18:45:36,-0.8725,14.8206,78.13,82,100,2.77
443,Novoagansk,RU,2021-10-09 18:45:37,61.9449,76.6625,31.01,80,48,16.33
444,Arroio Grande,BR,2021-10-09 18:45:37,-32.2375,-53.0869,64.24,73,100,11.52
445,Bestobe,KZ,2021-10-09 18:41:21,52.4994,73.0975,41.81,58,0,7.23
446,Kaoma,ZM,2021-10-09 18:45:38,-14.7833,24.8,78.53,28,93,4.9
447,Porosozero,RU,2021-10-09 18:45:39,62.7191,32.727,48.45,95,100,4.76
448,Berbera,SO,2021-10-09 18:45:40,10.4396,45.0143,88.75,64,98,6.98
449,Uniontown,US,2021-10-09 18:42:59,39.9001,-79.7164,72.48,43,80,3.0
450,Rudbar,AF,2021-10-09 18:45:41,30.15,62.6,62.73,25,0,13.78
451,Ferkessedougou,CI,2021-10-09 18:45:41,9.6,-5.2,83.08,62,57,4.07
452,Kalaleh,IR,2021-10-09 18:45:42,37.3807,55.4916,55.0,76,0,0.0
453,Kangaba,ML,2021-10-09 18:45:42,11.9333,-8.4167,80.8,66,38,5.61
454,Rocha,UY,2021-10-09 18:45:44,-34.4833,-54.3333,63.75,59,1,11.61
455,Mastic Beach,US,2021-10-09 18:45:45,40.7668,-72.8521,69.4,78,90,4.0
456,Santiago De Cuba,CU,2021-10-09 18:42:53,20.0247,-75.8219,87.42,74,40,6.91
457,Nouakchott,MR,2021-10-09 18:44:16,18.0858,-15.9785,105.73,41,53,4.88
458,Zhezkazgan,KZ,2021-10-09 18:45:48,47.8043,67.7144,47.32,41,100,6.71
459,Koslan,RU,2021-10-09 18:45:48,63.4564,48.8989,32.41,74,88,1.63
460,Stornoway,GB,2021-10-09 18:45:48,58.2093,-6.3865,53.92,87,20,10.36
461,Panguipulli,CL,2021-10-09 18:45:50,-39.6333,-72.3333,62.31,37,0,4.47
462,Padilla,CO,2021-10-09 18:45:50,3.2204,-76.3139,83.89,83,100,2.86
463,Boquira,BR,2021-10-09 18:45:51,-12.8231,-42.7306,97.86,16,45,6.58
464,Moengo,SR,2021-10-09 18:45:51,5.6167,-54.4,87.75,56,100,6.71
465,Heanor,GB,2021-10-09 18:45:52,53.0137,-1.3538,60.84,91,100,3.47
466,Acara,BR,2021-10-09 18:45:54,-1.9608,-48.1967,87.22,60,98,2.33
467,Saint Anthony,US,2021-10-09 18:45:54,45.0205,-93.218,80.26,66,1,3.0
468,Sao Gabriel Da Cachoeira,BR,2021-10-09 18:45:55,-0.1303,-67.0892,86.99,61,100,2.3
469,Nouadhibou,MR,2021-10-09 18:45:56,20.931,-17.0347,76.98,65,100,13.8
470,Virginia Beach,US,2021-10-09 18:44:59,36.8529,-75.978,73.44,88,100,1.01
471,Harper,LR,2021-10-09 18:37:19,4.375,-7.7169,76.93,89,26,6.26
472,Nidzica,PL,2021-10-09 18:45:59,53.3605,20.4275,35.19,69,37,5.37
473,Skibbereen,IE,2021-10-09 18:46:01,51.55,-9.2667,58.8,87,0,7.61
474,Madison Heights,US,2021-10-09 18:46:02,42.4859,-83.1052,78.84,67,75,5.75
475,Zaysan,KZ,2021-10-09 18:46:03,47.4667,84.8667,38.08,43,9,1.83
476,Acari,PE,2021-10-09 18:46:05,-15.4311,-74.6158,71.74,73,71,10.33
477,Iralaya,HN,2021-10-09 18:46:06,15.0,-83.2333,87.89,69,25,8.21
478,Kidal,ML,2021-10-09 18:46:06,18.4411,1.4078,89.19,8,6,9.73
479,Verkhnyaya Khava,RU,2021-10-09 18:46:07,51.8404,39.9413,33.87,54,100,5.75
480,Raga,SS,2021-10-09 18:46:07,8.4596,25.678,78.42,55,45,3.51
481,Quetta,PK,2021-10-09 18:46:08,30.199,67.0097,62.22,20,0,5.03
482,Mana,GF,2021-10-09 18:46:10,5.6592,-53.7767,84.74,70,100,10.67
483,Axim,GH,2021-10-09 18:46:10,4.8699,-2.2405,78.58,86,100,8.79
484,Kursenai,LT,2021-10-09 18:46:11,55.985,22.9189,43.05,63,97,4.23
485,Toamasina,MG,2021-10-09 18:46:11,-18.1667,49.3833,68.0,94,40,5.75
486,Najran,SA,2021-10-09 18:46:12,17.4924,44.1277,81.25,33,6,6.76
487,Entre Rios,BR,2021-10-09 18:46:13,-11.9419,-38.0844,82.76,54,11,11.63
488,Harbour Breton,CA,2021-10-09 18:46:14,47.4833,-55.7983,48.99,58,6,21.45
489,Hualmay,PE,2021-10-09 18:46:15,-11.0964,-77.6139,67.91,76,50,10.09
490,Chama,CH,2021-10-09 18:46:16,47.1821,8.4636,53.56,93,75,1.14
491,Marsa Matruh,EG,2021-10-09 18:46:16,31.3525,27.2453,75.4,69,0,4.61
492,Losone,CH,2021-10-09 18:46:16,46.1687,8.7593,58.44,94,75,2.3
493,Sturgeon Falls,CA,2021-10-09 18:46:18,46.3646,-79.9326,67.96,92,100,7.07
494,Mehamn,NO,2021-10-09 18:46:19,71.0357,27.8492,37.17,96,100,5.88
495,Kindu,CD,2021-10-09 18:46:20,-2.95,25.95,71.74,89,98,3.87
496,Pompeu,BR,2021-10-09 18:46:21,-19.2244,-44.9353,85.44,40,100,3.69
497,Geraldton,AU,2021-10-09 18:46:22,-28.7667,114.6,48.61,81,0,8.05
498,Bumba,CD,2021-10-09 18:46:23,2.1833,22.4667,76.66,81,100,1.03
499,Chimbote,PE,2021-10-09 18:45:41,-9.0853,-78.5783,68.47,76,45,11.27
500,Shediac,CA,2021-10-09 18:46:25,46.2198,-64.5411,59.09,50,20,2.3
501,General Pico,AR,2021-10-09 18:46:26,-35.6566,-63.7568,72.3,38,0,9.62
502,Imbituba,BR,2021-10-09 18:46:26,-28.24,-48.6703,64.29,93,100,13.35
503,Nazca,PE,2021-10-09 18:46:27,-14.8333,-74.95,81.21,41,9,8.95
504,Baberu,IN,2021-10-09 18:46:28,25.55,80.7167,79.07,52,1,2.57
505,Siuna,NI,2021-10-09 18:46:29,13.7332,-84.7773,88.16,59,97,4.27
506,Disraeli,CA,2021-10-09 18:46:29,45.9001,-71.3491,69.22,53,49,3.0
507,Seydi,TM,2021-10-09 18:46:31,39.4816,62.9137,46.65,38,3,9.98
508,Fiche,ET,2021-10-09 18:46:32,9.8,38.7333,50.58,85,100,3.09
509,Qaqortoq,GL,2021-10-09 18:36:38,60.7167,-46.0333,39.7,81,6,4.07
510,Chicama,PE,2021-10-09 18:46:42,-7.8447,-79.1469,63.14,62,29,11.23
511,Kyshtovka,RU,2021-10-09 18:46:43,56.555,76.6271,39.49,79,100,5.75
512,Gomel,BY,2021-10-09 18:46:44,52.4345,30.9754,42.78,70,1,4.47
513,Palasa,IN,2021-10-09 18:46:44,18.7667,84.4167,79.11,82,6,3.18
514,Suamico,US,2021-10-09 18:46:45,44.6319,-88.0393,68.29,84,90,3.44
515,Rabo De Peixe,PT,2021-10-09 18:42:09,37.8,-25.5833,71.11,73,20,11.5
516,Buchanan,LR,2021-10-09 18:46:45,5.8808,-10.0467,80.56,86,88,8.59
517,Port-Cartier,CA,2021-10-09 18:46:46,50.0334,-66.8654,50.76,58,20,5.19
518,Thunder Bay,CA,2021-10-09 18:45:45,48.4001,-89.3168,67.98,99,75,6.91
519,Balkanabat,TM,2021-10-09 18:46:46,39.5108,54.3671,54.72,26,0,5.06
520,Mundo Novo,BR,2021-10-09 18:46:47,-11.8589,-40.4725,91.11,27,19,10.6
521,Hwange,ZW,2021-10-09 18:46:47,-18.3693,26.5019,84.85,25,3,1.3
522,Andapa,MG,2021-10-09 18:46:47,-14.65,49.65,64.04,90,90,2.44
523,Kolyshley,RU,2021-10-09 18:46:48,52.7005,44.5367,44.11,63,3,5.75
524,Bayir,TR,2021-10-09 18:46:49,37.2687,28.2167,59.52,76,0,2.55
525,Moose Factory,CA,2021-10-09 18:46:49,51.2585,-80.6094,71.6,68,90,10.36
526,Pathalgaon,IN,2021-10-09 18:46:50,22.5667,83.4667,69.46,63,78,4.03
527,Ginir,ET,2021-10-09 18:46:50,7.1333,40.7,59.13,85,13,4.97
528,Bushehr,IR,2021-10-09 18:46:51,28.9684,50.8385,89.69,48,0,19.57
529,Muli,MV,2021-10-09 18:46:51,2.9167,73.5667,83.03,77,100,11.68
530,Ambanja,MG,2021-10-09 18:46:52,-13.6833,48.45,75.02,84,93,3.27
531,Parana,AR,2021-10-09 18:46:52,-31.732,-60.5238,78.57,36,0,13.67
532,Toguchin,RU,2021-10-09 18:46:54,55.2353,84.3858,42.96,78,100,6.91
533,Dorfen,DE,2021-10-09 18:46:54,48.2667,12.15,49.46,85,0,7.4
534,Wattegama,LK,2021-10-09 18:46:54,6.7989,81.4808,77.92,74,100,5.23
535,Sao Fidelis,BR,2021-10-09 18:46:55,-21.6461,-41.7469,71.55,87,100,3.38
536,Camana,PE,2021-10-09 18:46:55,-16.6228,-72.7111,66.45,81,81,9.33
537,Padang,ID,2021-10-09 18:46:56,-0.9492,100.3543,77.05,88,40,2.1
538,Dori,BF,2021-10-09 18:46:56,14.0354,-0.0345,95.16,14,36,7.47
539,Camabatela,AO,2021-10-09 18:46:57,-8.1881,15.375,70.88,74,91,1.97
540,Morant Bay,JM,2021-10-09 18:46:57,17.8815,-76.4093,89.62,68,23,8.28
541,Sikeston,US,2021-10-09 18:43:39,36.8767,-89.5879,87.69,48,1,8.05
542,Darnah,LY,2021-10-09 18:46:58,32.767,22.6367,74.53,74,0,6.53
543,Grand-Santi,GF,2021-10-09 18:46:58,4.25,-54.3833,96.67,33,97,2.8
544,Vangaindrano,MG,2021-10-09 18:46:58,-23.35,47.6,67.66,81,3,8.23
545,Uruzgan,AF,2021-10-09 18:46:59,32.8333,66.0,57.67,27,0,0.67
546,Amalapuram,IN,2021-10-09 18:47:00,16.5833,82.0167,78.84,90,81,1.07
547,Tutoia,BR,2021-10-09 18:47:02,-2.7619,-42.2744,87.78,73,93,14.12
548,Matagami,CA,2021-10-09 18:47:02,49.7502,-77.6328,68.11,60,40,14.97
549,Chudovo,RU,2021-10-09 18:47:03,59.1167,31.6833,47.52,81,100,5.55
550,Lapa,BR,2021-10-09 18:47:03,-25.7697,-49.7158,60.78,97,100,6.04
551,Akdepe,TM,2021-10-09 18:47:05,42.0551,59.3788,46.4,56,6,7.65
552,Sopelana,ES,2021-10-09 18:47:06,43.3789,-2.9831,63.55,82,40,1.01
553,Bilma,NE,2021-10-09 18:47:06,18.6853,12.9164,86.9,14,0,4.41
